Workbook

Sheet Sheet1
A2: 序号 | B2: 农户姓名 | C2: 组别 | D2: 地块名称 | E2: 土块类型（田或土） | F2: 地块面积（亩） | G2: 单价（元） | H2: 金额（元） | I2: 农户签字 | J2: 备注
A3: 3 | B3: 郑茂清 | C3: 9组 | D3: 羊场背后 | E3: 土 | F3: 0.1 | G3: 380 | H3: =G3*F3 -> 38 | J3: 9.25
A4: 4 | B4: 游建华 | C4: 9组 | D4: 羊场背后 | E4: 土 | F4: 0.08 | G4: 380 | H4: =G4*F4 -> 30.4 | J4: 9.25
A5: 5 | B5: 汤菊珍 | C5: 9组 | D5: 羊场背后 | E5: 土 | F5: 0.13 | G5: 380 | H5: =G5*F5 -> 49.4 | J5: 9.25
A6: 6 | B6: 魏菊明 | C6: 9组 | D6: 羊场背后 | E6: 土 | F6: 0.2 | G6: 380 | H6: =G6*F6 -> 76 | J6: 9.25
A7: 7 | B7: 程勇军 | C7: 9组 | D7: 羊场背后 | E7: 土 | F7: 0.19 | G7: 380 | H7: =G7*F7 -> 72.2 | J7: 9.25
A8: 8 | B8: 熊树权 | C8: 9组 | D8: 羊场背后 | E8: 土 | F8: 0.33 | G8: 380 | H8: =G8*F8 -> 125.4 | J8: 9.25
A9: 9 | B9: 夏治安 | C9: 9组 | D9: 羊场背后 | E9: 土 | F9: 0.11 | G9: 380 | H9: =G9*F9 -> 41.8 | J9: 9.25
A10: 12 | B10: 夏明扬 | C10: 10组 | E10: 田 | F10: 0.38 | G10: 480 | H10: =G10*F10 -> 182.4 | J10: 9.5 | K10: 自种
A11: 30 | B11: 林柱根 | C11: 10组 | E11: 田 | F11: 0.5 | G11: 480 | H11: =G11*F11 -> 240 | J11: 9.5 | K11: 已签
A12: 33 | B12: 林立平 | C12: 10组 | E12: 田 | F12: 1.03 | G12: 480 | H12: =G12*F12 -> 494.4 | J12: 9.5
A13: 60 | B13: 王金文 | C13: 10组 | E13: 田 | F13: 1.56 | G13: 480 | H13: =G13*F13 -> 748.8 | J13: 9.8
A14: 61 | B14: 邦田 | C14: 10组 | E14: 田 | G14: 480 | H14: =G14*F14 -> 0 | J14: 9.8
A15: 62 | B15: 王守刚 | C15: 10组 | E15: 田 | F15: 1.62 | G15: 480 | H15: =G15*F15 -> 777.6 | J15: 9.8 | K15: 已签
A16: 63 | B16: 王述文 | C16: 10组 | E16: 田 | F16: 0.81 | G16: 480 | H16: =G16*F16 -> 388.8 | J16: 9.8 | K16: 已签
A17: 64 | B17: 王云成 | C17: 10组 | E17: 土 | F17: 1.05 | G17: 380 | H17: =G17*F17 -> 399 | J17: 9.8
A18: 66 | B18: 林德江 | C18: 10组 | E18: 土 | F18: 0.12 | G18: 380 | H18: =G18*F18 -> 45.6 | J18: 9.8 | K18: 已签
A19: 67 | B19: 林德民 | C19: 10组 | E19: 土 | F19: 0.93 | G19: 380 | H19: =G19*F19 -> 353.4 | J19: 9.8 | K19: 已签
A20: 68 | B20: 林自明 | C20: 10组 | E20: 土 | F20: 0.25 | G20: 380 | H20: =G20*F20 -> 95 | J20: 9.8 | K20: 已签
A21: 69 | B21: 林伟 | C21: 10组 | E21: 土 | F21: 0.85 | G21: 380 | H21: =G21*F21 -> 323 | J21: 9.8
B22: 林柱军 | C22: 10组 | E22: 田 | F22: 0.3
B23: 林聪 | C23: 10组 | E23: 田 | F23: 0.4
A24: 70 | B24: 林柱根 | C24: 10组 | E24: 土 | F24: 0.36 | G24: 380 | H24: =G24*F24 -> 136.8 | J24: 9.8 | K24: 已签
A25: 71 | B25: 林伟 | C25: 10组 | E25: 土 | F25: 0.35 | G25: 380 | H25: =G25*F25 -> 133 | J25: 9.8
A26: 72 | B26: 林自明 | C26: 10组 | E26: 土 | F26: 0.2 | G26: 380 | H26: =G26*F26 -> 76 | J26: 9.8 | K26: 已签
A27: 73 | B27: 申书华 | C27: 10组 | E27: 土 | F27: 0.17 | G27: 380 | H27: =G27*F27 -> 64.6 | J27: 9.8 | K27: 已签
A28: 74 | B28: 林德昆 | C28: 10组 | E28: 土 | F28: 0.16 | G28: 380 | H28: =G28*F28 -> 60.8 | J28: 9.8 | K28: 已签
A29: 75 | B29: 林德江 | C29: 10组 | E29: 土 | F29: 0.09 | G29: 380 | H29: =G29*F29 -> 34.2 | J29: 9.8 | K29: 已签
A30: 76 | B30: 王金文 | C30: 10组 | E30: 田 | F30: 1.42 | G30: 480 | H30: =G30*F30 -> 681.6 | J30: 9.8
A31: 77 | B31: 王仲良 | C31: 10组 | E31: 田 | F31: 1.36 | G31: 480 | H31: =G31*F31 -> 652.8 | J31: 9.8
A32: 78 | B32: 王九明 | C32: 10组 | E32: 田 | F32: 0.73 | G32: 480 | H32: =G32*F32 -> 350.4 | J32: 9.8
A33: 79 | B33: 王守智 | C33: 10组 | E33: 田 | F33: 0.78 | G33: 480 | H33: =G33*F33 -> 374.4 | J33: 9.8 | K33: 已签
A34: 80 | B34: 王子根 | C34: 10组 | E34: 田 | F34: 0.24 | G34: 480 | H34: =G34*F34 -> 115.2 | J34: 9.8 | K34: 已签
A35: 81 | B35: 王述文 | C35: 10组 | E35: 田 | F35: 0.23 | G35: 480 | H35: =G35*F35 -> 110.4 | J35: 9.8 | K35: 已签
A36: 82 | B36: 王守潮 | C36: 10组 | E36: 田 | F36: 0.79 | G36: 480 | H36: =G36*F36 -> 379.2 | J36: 9.8 | K36: 已签
A37: 83 | B37: 夏明扬 | C37: 10组 | E37: 田 | F37: 0.26 | G37: 480 | H37: =G37*F37 -> 124.8 | J37: 9.8 | K37: 自种
A38: 84 | B38: 郑东秀 | C38: 10组 | E38: 田 | F38: 0.37 | G38: 480 | H38: =G38*F38 -> 177.6 | J38: 9.8 | K38: 已签
A39: 85 | B39: 王志军 | C39: 10组 | E39: 田 | F39: 0.28 | G39: 480 | H39: =G39*F39 -> 134.4 | J39: 9.8
A40: 86 | B40: 王仲良 | C40: 10组 | E40: 土 | F40: 0.09 | G40: 380 | H40: =G40*F40 -> 34.2 | J40: 9.8
A41: 87 | B41: 夏明扬 | C41: 10组 | E41: 田 | F41: 0.34 | G41: 380 | H41: =G41*F41 -> 129.2 | J41: 9.8 | K41: 自种
A42: 88 | B42: 孟学书 | C42: 10组 | E42: 土 | F42: 0.2 | G42: 380 | H42: =G42*F42 -> 76 | J42: 9.8 | K42: 已签
A43: 89 | B43: 王仲良 | C43: 10组 | E43: 土 | F43: 0.04 | G43: 380 | H43: =G43*F43 -> 15.2 | J43: 9.8
A44: 91 | B44: 王仲良 | C44: 10组 | E44: 土 | F44: 0.58 | G44: 380 | H44: =G44*F44 -> 220.4 | J44: 9.8
A45: 92 | B45: 王守金 | C45: 10组 | E45: 土 | F45: 0.03 | G45: 380 | H45: =G45*F45 -> 11.4 | J45: 9.8 | K45: 已签
A46: 93 | B46: 王守银 | C46: 10组 | E46: 土 | F46: 0.64 | G46: 380 | H46: =G46*F46 -> 243.2 | J46: 9.8
A47: 94 | B47: 王金文 | C47: 10组 | E47: 土 | F47: 0.04 | G47: 380 | H47: =G47*F47 -> 15.2 | J47: 9.8
A48: 95 | B48: 王九明 | C48: 10组 | E48: 土 | F48: 0.14 | G48: 380 | H48: =G48*F48 -> 53.2 | J48: 9.8
A49: 96 | B49: 王子根 | C49: 10组 | E49: 土 | F49: 0.05 | G49: 380 | H49: =G49*F49 -> 19 | J49: 9.8 | K49: 已签
A50: 97 | B50: 王子明 | C50: 10组 | E50: 土 | F50: 0.13 | G50: 380 | H50: =G50*F50 -> 49.4 | J50: 9.8 | K50: 已签
A51: 98 | B51: 孟水勇 | C51: 10组 | E51: 土 | F51: 0.18 | G51: 380 | H51: =G51*F51 -> 68.4 | J51: 9.8 | K51: 已签
A52: 99 | B52: 王仲良 | C52: 10组 | E52: 土 | F52: 0.29 | G52: 380 | H52: =G52*F52 -> 110.2 | J52: 9.8
A53: 100 | B53: 王九明 | C53: 10组 | E53: 土 | F53: 0.51 | G53: 380 | H53: =G53*F53 -> 193.8 | J53: 9.8
A54: 101 | B54: 王守智 | C54: 10组 | E54: 土 | F54: 0.14 | G54: 380 | H54: =G54*F54 -> 53.2 | J54: 9.8 | K54: 已签
A55: 102 | B55: 王守银 | C55: 10组 | E55: 土 | F55: 0.15 | G55: 380 | H55: =G55*F55 -> 57 | J55: 9.8
A56: 103 | B56: 王金文 | C56: 10组 | E56: 土 | F56: 0.52 | G56: 380 | H56: =G56*F56 -> 197.6 | J56: 9.8
A57: 104 | B57: 王述文 | C57: 10组 | E57: 土 | F57: 0.03 | G57: 380 | H57: =G57*F57 -> 11.4 | J57: 9.8 | K57: 已签
A58: 105 | B58: 夏明春 | C58: 10组 | E58: 土 | F58: 0.02 | G58: 380 | H58: =G58*F58 -> 7.6 | J58: 9.8 | K58: 已签
A59: 106 | B59: 王金文 | C59: 10组 | E59: 土 | F59: 0.07 | G59: 380 | H59: =G59*F59 -> 26.6 | J59: 9.8
A60: 107 | B60: 夏明扬 | C60: 10组 | E60: 田 | F60: 0.05 | G60: 380 | H60: =G60*F60 -> 19 | J60: 9.8 | K60: 自种
A61: 108 | B61: 王守权 | C61: 10组 | E61: 土 | F61: 0.25 | G61: 380 | H61: =G61*F61 -> 95 | J61: 9.8 | K61: 已签
A62: 109 | B62: 王金文 | C62: 10组 | E62: 土 | F62: 1.45 | G62: 380 | H62: =G62*F62 -> 551 | J62: 9.8
A63: 110 | B63: 集体1 | C63: 10组 | E63: 土 | F63: 0.34 | G63: 380 | H63: =G63*F63 -> 129.2 | J63: 9.8
A64: 111 | B64: 集体2 | C64: 10组 | E64: 土 | F64: 0.25 | G64: 380 | H64: =G64*F64 -> 95 | J64: 9.8
A65: 112 | B65: 集体3 | C65: 10组 | E65: 土 | F65: 0.19 | G65: 380 | H65: =G65*F65 -> 72.2 | J65: 9.8
A66: 113 | B66: 张淑群 | C66: 10组 | E66: 田 | F66: 0.5 | G66: 480 | H66: =G66*F66 -> 240 | J66: 9.8 | K66: 已签
A67: 115 | B67: 王守权 | C67: 10组 | E67: 田 | F67: 1.05 | G67: 480 | H67: =G67*F67 -> 504 | J67: 9.8 | K67: 已签
A68: 116 | B68: 王述文 | C68: 10组 | E68: 田 | F68: 0.63 | G68: 480 | H68: =G68*F68 -> 302.4 | J68: 9.8 | K68: 已签
A69: 117 | B69: 王守军 | C69: 10组 | E69: 田 | F69: 0.2 | G69: 480 | H69: =G69*F69 -> 96 | J69: 9.8 | K69: 已签
A70: 118 | B70: 程勇均 | C70: 9组 | E70: 田 | F70: 0.52 | G70: 480 | H70: =G70*F70 -> 249.6 | J70: 9.8
A71: 119 | B71: 游文玉 | C71: 9组 | E71: 田 | F71: 0.25 | G71: 480 | H71: =G71*F71 -> 120 | J71: 9.8
A72: 120 | B72: 郑茂青 | C72: 9组 | E72: 田 | F72: 0.11 | G72: 480 | H72: =G72*F72 -> 52.8 | J72: 9.8
A73: 121 | B73: 林术君 | C73: 9组 | E73: 田 | F73: 0.41 | G73: 480 | H73: =G73*F73 -> 196.8 | J73: 9.8
A74: 122 | B74: 郑学文 | C74: 9组 | E74: 田 | F74: 0.45 | G74: 480 | H74: =G74*F74 -> 216 | J74: 9.8
A75: 123 | B75: 游建华 | C75: 9组 | E75: 田 | F75: 0.6 | G75: 480 | H75: =G75*F75 -> 288 | J75: 9.8
A76: 124 | B76: 王守才 | C76: 10组 | E76: 田 | F76: 0.69 | G76: 480 | H76: =G76*F76 -> 331.2 | J76: 9.8
A77: 125 | B77: 王守军 | C77: 10组 | E77: 田 | F77: 0.74 | G77: 480 | H77: =G77*F77 -> 355.2 | J77: 9.8 | K77: 已签
A78: 126 | B78: 王述文 | C78: 10组 | E78: 田 | F78: 1 | G78: 480 | H78: =G78*F78 -> 480 | J78: 9.8 | K78: 已签
A79: 127 | B79: 王守才 | C79: 10组 | E79: 田 | F79: 0.9 | G79: 480 | H79: =G79*F79 -> 432 | J79: 9.8
A80: 128 | B80: 王金文 | C80: 10组 | E80: 田 | F80: 0.18 | G80: 480 | H80: =G80*F80 -> 86.4 | J80: 9.8
A81: 130 | B81: 徐国华 | C81: 10组 | E81: 田 | F81: 0.41 | G81: 480 | H81: =G81*F81 -> 196.8 | J81: 9.8 | K81: 已签
A82: 131 | B82: 王金文 | C82: 10组 | E82: 田 | F82: 1.01 | G82: 480 | H82: =G82*F82 -> 484.8 | J82: 9.8
A83: 132 | B83: 夏根华 | C83: 10组 | E83: 田 | F83: 0.26 | G83: 480 | H83: =G83*F83 -> 124.8 | J83: 9.8
A84: 133 | B84: 王元辉 | C84: 10组 | E84: 田 | F84: 0.28 | G84: 480 | H84: =G84*F84 -> 134.4 | J84: 9.8 | K84: 已签
A85: 134 | B85: 王本全 | C85: 10组 | E85: 田 | F85: 0.2 | G85: 480 | H85: =G85*F85 -> 96 | J85: 9.8
A86: 135 | B86: 张平中 | C86: 10组 | E86: 田 | F86: 0.08 | G86: 480 | H86: =G86*F86 -> 38.4 | J86: 9.8
A87: 136 | B87: 王元照 | C87: 10组 | E87: 田 | F87: 0.1 | G87: 480 | H87: =G87*F87 -> 48 | J87: 9.8 | K87: 已签
A88: 137 | B88: 王勇根 | C88: 10组 | E88: 田 | F88: 0.26 | G88: 480 | H88: =G88*F88 -> 124.8 | J88: 9.8
A89: 138 | B89: 王本红 | C89: 10组 | E89: 田 | F89: 0.58 | G89: 480 | H89: =G89*F89 -> 278.4 | J89: 9.8
A90: 139 | B90: 王守权 | C90: 10组 | E90: 田 | F90: 0.36 | G90: 480 | H90: =G90*F90 -> 172.8 | J90: 9.8 | K90: 已签
A91: 140 | B91: 王元奎 | C91: 10组 | E91: 田 | F91: 0.65 | G91: 480 | H91: =G91*F91 -> 312 | J91: 9.8
A92: 141 | B92: 王杰 | C92: 10组 | E92: 田 | F92: 0.4 | G92: 480 | H92: =G92*F92 -> 192 | J92: 9.8
A93: 142 | B93: 王本舟 | C93: 10组 | E93: 田 | F93: 0.53 | G93: 480 | H93: =G93*F93 -> 254.4 | J93: 9.8
A94: 143 | B94: 王本红 | C94: 10组 | E94: 田 | F94: 0.16 | G94: 480 | H94: =G94*F94 -> 76.8 | J94: 9.8
A95: 144 | B95: 王元辉 | C95: 10组 | E95: 田 | F95: 0.93 | G95: 480 | H95: =G95*F95 -> 446.4 | J95: 9.8 | K95: 已签
A96: 145 | B96: 王元树 | C96: 10组 | E96: 田 | F96: 0.47 | G96: 480 | H96: =G96*F96 -> 225.6 | J96: 9.8
A97: 146 | B97: 王元奎 | C97: 10组 | E97: 田 | F97: 0.36 | G97: 480 | H97: =G97*F97 -> 172.8 | J97: 9.8
A98: 147 | B98: 王云中 | C98: 10组 | E98: 土 | F98: 0.56 | G98: 380 | H98: =G98*F98 -> 212.8 | J98: 9.9
A99: 148 | B99: 王云中 | C99: 10组 | E99: 田 | F99: 2.42 | G99: 480 | H99: =G99*F99 -> 1161.6 | J99: 9.9
A100: 149 | B100: 王耀 | C100: 10组 | E100: 田 | F100: 1.57 | G100: 480 | H100: =G100*F100 -> 753.6 | J100: 9.9
A101: 150 | B101: 王耀 | C101: 10组 | E101: 土 | F101: 0.05 | G101: 380 | H101: =G101*F101 -> 19 | J101: 9.9
...

Sheet 12组
A1: 黄羊种养殖循环项目土地丈量表
A2: 序号 | B2: 农户姓名 | C2: 组别 | D2: 地块名称 | E2: 土块类型（田或土） | F2: 地块面积（亩） | G2: 单价（元） | H2: 金额（元） | I2: 农户签字 | J2: 备注
A3: 1 | B3: 王会永 | C3: 12组 | D3: 大方田 | E3: 田 | F3: 1.43 | G3: 480 | H3: 686.4 | J3: 9.29 | K3: 已签
A4: 2 | B4: 王德明 | C4: 12组 | D4: 大方田 | E4: 田 | F4: 0.81 | G4: 480 | H4: 388.8 | J4: 9.29 | K4: 已签
A5: 3 | B5: 王怡梅 | C5: 12组 | D5: 区木树田 | E5: 田 | F5: 1.26 | G5: 480 | H5: 604.8 | J5: 9.29
A6: 4 | B6: 王德明 | C6: 12组 | D6: 区木树田 | E6: 田 | F6: 0.58 | G6: 480 | H6: 278.4 | J6: 9.29 | K6: 已签
A7: 5 | B7: 王敏均 | C7: 12组 | D7: 区木树田 | E7: 田 | F7: 0.79 | G7: 480 | H7: 379.2 | J7: 9.29
A8: 6 | B8: 李雪花 | C8: 12组 | D8: 区木树田 | E8: 田 | F8: 1.58 | G8: 480 | H8: 758.4 | J8: 9.29 | K8: 已签
A9: 7 | B9: 向功明 | C9: 12组 | D9: 枇杷田 | E9: 田 | F9: 0.19 | G9: 480 | H9: 91.2 | J9: 9.29 | K9: 已签
A10: 8 | B10: 汤建均（68） | C10: 12组 | D10: 幺堰河边 | E10: 田 | F10: 0.69 | G10: 480 | H10: 331.2 | J10: 9.29 | K10: 已签
A11: 9 | B11: 王敏江 | C11: 12组 | D11: 河边田 | E11: 田 | F11: 0.42 | G11: 480 | H11: 201.6 | J11: 9.29 | K11: 已签
A12: 10 | B12: 王敏均 | C12: 12组 | D12: 河边田 | E12: 田 | F12: 0.28 | G12: 480 | H12: 134.4 | J12: 9.29
A13: 11 | B13: 汤火明（小） | C13: 12组 | D13: 大方田 | E13: 田 | F13: 0.47 | G13: 480 | H13: 225.6 | J13: 9.29 | K13: 已签
A14: 12 | B14: 汤火明（小） | C14: 12组 | D14: 和尚田 | E14: 田 | F14: 0.5 | G14: 480 | H14: 240 | J14: 9.29 | K14: 已签
A15: 13 | B15: 王敏江 | C15: 12组 | D15: 花果树田 | E15: 田 | F15: 0.78 | G15: 480 | H15: 374.4 | J15: 9.29 | K15: 已签
A16: 14 | B16: 向功明 | C16: 12组 | D16: 花果树田 | E16: 田 | F16: 0.75 | G16: 480 | H16: 360 | J16: 9.29 | K16: 已签
A17: 15 | B17: 向功明 | C17: 12组 | D17: 花果树田 | E17: 田 | F17: 0.28 | G17: 480 | H17: 134.4 | J17: 9.29 | K17: 已签
A18: 16 | B18: 王会永 | C18: 12组 | D18: 花果树田 | E18: 田 | F18: 0.31 | G18: 480 | H18: 148.8 | J18: 9.29 | K18: 已签
A19: 17 | B19: 程群林 | C19: 12组 | D19: 榜榜田 | E19: 田 | F19: 0.82 | G19: 480 | H19: 316.8 | J19: 9.29 | K19: 已签
A20: 18 | B20: 汤火明（小） | C20: 12组 | D20: 榜榜田 | E20: 田 | F20: 0.3 | G20: 480 | H20: 144 | J20: 9.29 | K20: 已签
A21: 19 | B21: 王会永 | C21: 12组 | D21: 下榜榜田 | E21: 田 | F21: 0.45 | G21: 480 | H21: 216 | J21: 9.29 | K21: 已签
A22: 20 | B22: 王会明 | C22: 12组 | D22: 长田坝 | E22: 田 | F22: 0.49 | G22: 480 | H22: 235.2 | J22: 9.29 | K22: 已签
A23: 21 | B23: 王怡梅 | C23: 12组 | D23: 长田坝 | E23: 田 | F23: 0.53 | G23: 480 | H23: 254.4 | J23: 9.29
A24: 22 | B24: 汤建均（68） | C24: 12组 | D24: 长田坝 | E24: 田 | F24: 0.36 | G24: 480 | H24: 172.8 | J24: 9.29 | K24: 已签
A25: 23 | B25: 汤火明（小） | C25: 12组 | D25: 长田坝 | E25: 田 | F25: 0.36 | G25: 480 | H25: 172.8 | J25: 9.29 | K25: 已签
A26: 25 | B26: 王建国 | C26: 12组 | D26: 黄紧坡地 | E26: 土 | F26: 0.35 | G26: 380 | H26: 133 | J26: 9.29 | K26: 已签
A27: 26 | B27: 李雪花 | C27: 12组 | D27: 黄紧坡地 | E27: 土 | F27: 0.17 | G27: 380 | H27: 64.6 | J27: 9.29 | K27: 已签
A28: 27 | B28: 王会永 | C28: 12组 | D28: 顺山地 | E28: 土 | F28: 0.82 | G28: 380 | H28: 311.6 | J28: 9.29 | K28: 已签
A29: 28 | B29: 李雪花 | C29: 12组 | D29: 落堂地 | E29: 土 | F29: 0.5 | G29: 380 | H29: 190 | J29: 9.29 | K29: 已签
A30: 29 | B30: 汤建均（68） | C30: 12组 | D30: 落堂地 | E30: 土 | F30: 0.24 | G30: 380 | H30: 91.2 | J30: 9.29 | K30: 已签
A31: 30 | B31: 王敏均 | C31: 12组 | D31: 落堂地 | E31: 土 | F31: 0.94 | G31: 380 | H31: 357.2 | J31: 9.29
A32: 31 | B32: 王敏江 | C32: 12组 | D32: 顺山地 | E32: 土 | F32: 0.2 | G32: 380 | H32: 76 | J32: 9.29 | K32: 已签
A33: 32 | B33: 王长军 | C33: 12组 | D33: 落堂地 | E33: 土 | F33: 0.42 | G33: 380 | H33: 159.6 | J33: 9.29 | K33: 已签
A34: 33 | B34: 王怡梅 | C34: 12组 | D34: 落堂地 | E34: 土 | F34: 0.85 | G34: 380 | H34: 323 | J34: 9.29
A35: 34 | B35: 向功明 | C35: 12组 | D35: 大方田 | E35: 田 | F35: 0.97 | G35: 480 | H35: 465.6 | J35: 9.29 | K35: 已签
A36: 35 | B36: 王会明 | C36: 12组 | D36: 区木树田 | E36: 田 | F36: 1.16 | G36: 480 | H36: 556.8 | J36: 9.29 | K36: 已签
A37: 36 | B37: 王长军 | C37: 12组 | D37: 区木树田 | E37: 田 | F37: 0.92 | G37: 480 | H37: 441.6 | J37: 9.29 | K37: 已签
A38: 37 | B38: 王敏建 | C38: 12组 | D38: 枇杷田 | E38: 田 | F38: 0.79 | G38: 480 | H38: 379.2 | J38: 9.29
A39: 38 | B39: 王学明 | C39: 12组 | D39: 和尚田 | E39: 田 | F39: 0.33 | G39: 480 | H39: 158.4 | J39: 9.29
A40: 39 | B40: 王长江 | C40: 12组 | D40: 和尚田 | E40: 田 | F40: 1.6 | G40: 480 | H40: 768 | J40: 9.29
A41: 41 | B41: 王长清 | C41: 12组 | D41: 和尚田 | E41: 田 | F41: 0.6 | G41: 480 | H41: 288 | J41: 9.29 | K41: 已签
A42: 42 | B42: 王会明 | C42: 12组 | D42: 花果树田 | E42: 田 | F42: 0.74 | G42: 480 | H42: 355.2 | J42: 9.29 | K42: 已签
A43: 43 | B43: 李雪花 | C43: 12组 | D43: 花果树田 | E43: 田 | F43: 0.66 | G43: 480 | H43: 316.8 | J43: 9.29 | K43: 已签
A44: 44 | B44: 李雪花 | C44: 12组 | D44: 榜田 | E44: 田 | F44: 0.65 | G44: 480 | H44: 312 | J44: 9.29 | K44: 已签
A45: 45 | B45: 王敏建 | C45: 12组 | D45: 下榜田 | E45: 田 | F45: 0.5 | G45: 480 | H45: 240 | J45: 9.29
A46: 46 | B46: 王德明 | C46: 12组 | D46: 长田 | E46: 田 | F46: 0.35 | G46: 480 | H46: 168 | J46: 9.29 | K46: 已签
A47: 47 | B47: 王长军 | C47: 12组 | D47: 长田 | E47: 田 | F47: 0.13 | G47: 480 | H47: 62.4 | J47: 9.29 | K47: 已签
A48: 48 | B48: 李雪花 | C48: 12组 | D48: 大田坝 | E48: 土 | F48: 1.15 | G48: 380 | H48: 437 | J48: 9.29 | K48: 已签
A49: 49 | B49: 王会明 | C49: 12组 | D49: 黄口坡 | E49: 土 | F49: 0.11 | G49: 380 | H49: 41.8 | J49: 9.29 | K49: 已签
A50: 50 | B50: 王敏江 | C50: 12组 | D50: 大田坝 | E50: 土 | F50: 0.48 | G50: 380 | H50: 182.4 | J50: 9.29 | K50: 已签
A51: 51 | B51: 王敏建 | C51: 12组 | D51: 大田坝 | E51: 土 | F51: 0.82 | G51: 380 | H51: 311.6 | J51: 9.29
A52: 52 | B52: 向功明 | C52: 12组 | D52: 大田坝 | E52: 土 | F52: 0.22 | G52: 380 | H52: 83.6 | J52: 9.29 | K52: 已签
A53: 53 | B53: 李前均 | C53: 12组 | D53: 曲木树田 | E53: 田 | F53: 0.1 | G53: 480 | H53: 48 | J53: 10.11 | K53: 已签
A54: 54 | B54: 王翠英 | C54: 12组 | D54: 曲木树田 | E54: 田 | F54: 0.05 | G54: 480 | H54: 24 | J54: 10.11 | K54: 已签
A55: 55 | B55: 汤志文 | C55: 12组 | D55: 曲木树田 | E55: 田 | F55: 0.12 | G55: 480 | H55: 57.6 | J55: 10.11 | K55: 已签
A56: 56 | B56: 辜志刚 | C56: 12组 | D56: 磁骨田坝 | E56: 田 | F56: 0.2 | G56: 480 | H56: 96 | J56: 10.11 | K56: 已签
A57: 57 | B57: 汤火明（大） | C57: 12组 | D57: 磁骨田坝 | E57: 田 | F57: 0.17 | G57: 480 | H57: 81.6 | J57: 10.11
A58: 58 | B58: 王翠英 | C58: 12组 | D58: 磁骨田坝 | E58: 田 | F58: 0.64 | G58: 480 | H58: 307.2 | J58: 10.11 | K58: 已签
A59: 59 | B59: 李春华 | C59: 12组 | D59: 磁骨田坝 | E59: 田 | F59: 0.6 | G59: 480 | H59: 288 | J59: 10.11 | K59: 已签
A60: 60 | B60: 王翠英 | C60: 12组 | D60: 大田坝 | E60: 田 | F60: 0.15 | G60: 480 | H60: 72 | J60: 10.11 | K60: 已签
A61: 61 | B61: 李前均 | C61: 12组 | D61: 小堰塘地 | E61: 土 | F61: 0.85 | G61: 380 | H61: 323 | J61: 10.11 | K61: 已签
A62: 62 | B62: 汤志文 | C62: 12组 | D62: 小堰塘地 | E62: 土 | F62: 1.2 | G62: 380 | H62: 456 | J62: 10.11 | K62: 已签
A63: 63 | B63: 李成德 | C63: 12组 | D63: 梨儿树地 | E63: 土 | F63: 0.64 | G63: 380 | H63: 243.2 | J63: 10.11 | K63: 已签
A64: 64 | B64: 肖火荣 | C64: 12组 | D64: 堰塘地 | E64: 土 | F64: 0.55 | G64: 380 | H64: 209 | J64: 10.11 | K64: 已签
A65: 65 | B65: 汤举胜 | C65: 12组 | D65: 片片地 | E65: 土 | F65: 0.3 | G65: 380 | H65: 114 | J65: 10.11
A66: 66 | B66: 肖火荣 | C66: 12组 | D66: 黄柱田 | E66: 田 | F66: 0.15 | G66: 480 | H66: 72 | J66: 10.11 | K66: 已签
A67: 67 | B67: 汤举胜 | C67: 12组 | D67: 黄柱田 | E67: 田 | F67: 0.25 | G67: 480 | H67: 120 | J67: 10.11
A68: 68 | B68: 李成德 | C68: 12组 | D68: 黄柱田 | E68: 田 | F68: 0.25 | G68: 480 | H68: 120 | J68: 10.11 | K68: 已签
A69: 69 | B69: 李德清 | C69: 12组 | D69: 仰天文田 | E69: 田 | F69: 0.45 | G69: 480 | H69: 216 | J69: 10.11 | K69: 已签
A70: 70 | B70: 辜玉英 | C70: 12组 | D70: 仰天文田 | E70: 田 | F70: 1.46 | G70: 480 | H70: 700.8 | J70: 10.11 | K70: 已签
A71: 71 | B71: 汤龙江 | C71: 12组 | D71: 仰天文田 | E71: 田 | F71: 0.3 | G71: 480 | H71: 144 | J71: 10.11 | K71: 已签
A72: 72 | B72: 李成德 | C72: 12组 | D72: 榜田 | E72: 田 | F72: 0.2 | G72: 480 | H72: 96 | J72: 10.11 | K72: 已签
A73: 73 | B73: 汤火明（大） | C73: 12组 | D73: 榜田 | E73: 田 | F73: 0.13 | G73: 480 | H73: 62.4 | J73: 10.11
A74: 74 | B74: 李响 | C74: 12组 | D74: 榜田 | E74: 田 | F74: 0.22 | G74: 480 | H74: 105.6 | J74: 10.11 | K74: 已签
A75: 75 | B75: 汤举胜 | C75: 12组 | D75: 锁口大田 | E75: 田 | F75: 0.8 | G75: 480 | H75: 384 | J75: 10.11
A76: 76 | B76: 郑翠英 | C76: 12组 | D76: 尖尖田 | E76: 田 | F76: 0.26 | G76: 480 | H76: 124.8 | J76: 10.11 | K76: 已签
A77: 77 | B77: 李德强 | C77: 12组 | D77: 顺山干田 | E77: 田 | F77: 0.32 | G77: 480 | H77: 153.6 | J77: 10.11 | K77: 已签
A78: 78 | B78: 李彰德 | C78: 12组 | D78: 顺山干田 | E78: 田 | F78: 0.58 | G78: 480 | H78: 278.4 | J78: 10.11
A79: 79 | B79: 汤举明 | C79: 12组 | D79: 尖田 | E79: 田 | F79: 0.22 | G79: 480 | H79: 105.6 | J79: 10.11 | K79: 已签
A80: 80 | B80: 郑翠英 | C80: 12组 | D80: 尖尖田 | E80: 田 | F80: 0.12 | G80: 480 | H80: 57.6 | J80: 10.11 | K80: 已签
A81: 81 | B81: 肖火荣 | C81: 12组 | D81: 尖尖田 | E81: 田 | F81: 0.4 | G81: 480 | H81: 192 | J81: 10.11 | K81: 已签
A82: 82 | B82: 李德强 | C82: 12组 | D82: 李子树地 | E82: 田 | F82: 1.16 | G82: 480 | H82: 556.8 | J82: 10.11 | K82: 已签
A83: 83 | B83: 王翠英 | C83: 12组 | D83: 顺山干田 | E83: 田 | F83: 0.18 | G83: 480 | H83: 86.4 | J83: 10.11 | K83: 已签
A84: 84 | B84: 李仲书 | C84: 12组 | D84: 大田 | E84: 田 | F84: 0.51 | G84: 480 | H84: 244.8 | J84: 10.11 | K84: 已签
A85: 85 | B85: 李德强 | C85: 12组 | D85: 大田 | E85: 田 | F85: 1.35 | G85: 480 | H85: 648 | J85: 10.11 | K85: 已签
A86: 86 | B86: 李春华 | C86: 12组 | D86: 大田 | E86: 田 | F86: 0.3 | G86: 480 | H86: 144 | J86: 10.11 | K86: 已签
A87: 87 | B87: 李秀明 | C87: 12组 | D87: 小湾田 | E87: 田 | F87: 0.93 | G87: 480 | H87: 446.4 | J87: 10.11 | K87: 已签
A88: 88 | B88: 辜长根 | C88: 12组 | D88: 小湾田 | E88: 田 | F88: 0.67 | G88: 480 | H88: 321.6 | J88: 10.11 | K88: 已签
A89: 89 | B89: 李贵章 | C89: 12组 | D89: 小湾田 | E89: 田 | F89: 0.49 | G89: 480 | H89: 235.2 | J89: 10.11 | K89: 已签
A90: 90 | B90: 李成德 | C90: 12组 | D90: 小湾田 | E90: 田 | G90: 480 | H90: 0 | I90: 未量，荒地进不去 | J90: 10.11 | K90: 已签
A91: 91 | B91: 李仲书 | C91: 12组 | D91: 小湾田 | E91: 田 | G91: 480 | H91: 0 | I91: 未量，荒地进不去 | J91: 10.11 | K91: 已签
A92: 92 | B92: 李前兵 | C92: 12组 | D92: 尖尖田 | E92: 田 | F92: 0.22 | G92: 480 | H92: 105.6 | J92: 10.11 | K92: 已签
A93: 93 | B93: 李贵章 | C93: 12组 | D93: 曲木树田 | E93: 田 | F93: 0.39 | G93: 480 | H93: 187.2 | J93: 10.11 | K93: 已签
A94: 94 | B94: 李春华 | C94: 12组 | D94: 曲木树田 | E94: 田 | F94: 0.19 | G94: 480 | H94: 91.2 | J94: 10.11 | K94: 已签
A95: 95 | B95: 李章钦 | C95: 12组 | D95: 曲木树田 | E95: 田 | F95: 0.54 | G95: 480 | H95: 259.2 | J95: 10.11 | K95: 已签
A96: 96 | B96: 汤龙江 | C96: 12组 | D96: 自留地 | E96: 田 | F96: 0.24 | G96: 480 | H96: 115.2 | J96: 10.11 | K96: 已签
A97: 97 | B97: 汤举德 | C97: 12组 | D97: 泥巴地 | E97: 田 | F97: 0.36 | G97: 480 | H97: 172.8 | J97: 10.11 | K97: 已签
A98: 98 | B98: 汤举胜 | C98: 12组 | D98: 泥巴地 | E98: 田 | F98: 0.03 | G98: 480 | H98: 14.4 | J98: 10.11
A99: 99 | B99: 辜长根 | C99: 12组 | D99: 泥巴地 | E99: 田 | F99: 0.12 | G99: 480 | H99: 57.6 | J99: 10.11 | K99: 已签
A100: 100 | B100: 李德强 | C100: 12组 | D100: 猪腰子田 | E100: 田 | F100: 0.3 | G100: 480 | H100: 144 | J100: 10.11 | K100: 已签
...

Sheet 10组
A1: 黄羊种养殖循环项目土地丈量表
A2: 序号 | B2: 农户姓名 | C2: 身份证号码 | D2: 组别 | E2: 土块类型 （田或土） | F2: 地块面积（亩） | G2: 单价 （元） | H2: 金额 （元） | I2: 合计金额 （元） | J2: 农户签字 | K2: 电话
A3: =MAX($A$2:A2)+1 -> 1 | B3: 郑茂钦 | C3: =VLOOKUP(B3,'[1]11组'!$A:$B,2,0) -> #N/A | D3: 9 | E3: 田 | F3: 0.11 | G3: 480 | H3: =G3*F3 -> 52.8 | I3: 178.2 | K3: =VLOOKUP(C3,[1]sheet1中岗村户籍!$C:$I,7,0) -> #N/A
E4: 土 | F4: 0.33 | G4: 380 | H4: =G4*F4 -> 125.4 | K4: =VLOOKUP(C4,[1]sheet1中岗村户籍!$C:$I,7,0) -> #N/A
A5: =MAX($A$2:A3)+1 -> 2 | B5: 程勇军 | C5: =VLOOKUP(B5,'[1]11组'!$A:$B,2,0) -> #N/A | D5: 9 | E5: 田 | F5: 0.52 | G5: 480 | H5: =G5*F5 -> 249.6 | I5: 1578.4 | K5: =VLOOKUP(C5,[1]sheet1中岗村户籍!$C:$I,7,0) -> #N/A
E6: 土 | F6: 0.19 | G6: 380 | H6: =G6*F6 -> 72.2 | K6: =VLOOKUP(C6,[1]sheet1中岗村户籍!$C:$I,7,0) -> #N/A
A7: =MAX($A$2:A5)+1 -> 3 | B7: 林术君 | C7: =VLOOKUP(B7,'[1]11组'!$A:$B,2,0) -> #N/A | D7: 9 | E7: 田 | F7: 0.41 | G7: 480 | H7: =G7*F7 -> 196.8 | I7: 1406.6 | K7: =VLOOKUP(C7,[1]sheet1中岗村户籍!$C:$I,7,0) -> #N/A
E8: 土 | F8: 0.52 | G8: 380 | H8: =G8*F8 -> 197.6 | K8: =VLOOKUP(C8,[1]sheet1中岗村户籍!$C:$I,7,0) -> #N/A
A9: =MAX($A$2:A7)+1 -> 4 | B9: 魏菊明 | C9: =VLOOKUP(B9,'[1]11组'!$A:$B,2,0) -> #N/A | D9: 9 | E9: 土 | F9: 0.55 | G9: 380 | H9: =G9*F9 -> 209 | I9: 209 | K9: =VLOOKUP(C9,[1]sheet1中岗村户籍!$C:$I,7,0) -> #N/A
A10: =MAX($A$2:A9)+1 -> 5 | B10: 夏治安 | C10: =VLOOKUP(B10,'[1]11组'!$A:$B,2,0) -> #N/A | D10: 9 | E10: 土 | F10: 0.11 | G10: 380 | H10: =G10*F10 -> 41.8 | I10: 446.4 | K10: =VLOOKUP(C10,[1]sheet1中岗村户籍!$C:$I,7,0) -> #N/A
A11: =MAX($A$2:A10)+1 -> 6 | B11: 熊树权 | C11: =VLOOKUP(B11,'[1]11组'!$A:$B,2,0) -> #N/A | D11: 9 | E11: 土 | F11: 0.33 | G11: 380 | H11: =G11*F11 -> 125.4 | I11: 307.2 | K11: =VLOOKUP(C11,[1]sheet1中岗村户籍!$C:$I,7,0) -> #N/A
B12: 游文玉 | D12: 9 | E12: 土 | F12: 0.28 | G12: 380 | H12: =G12*F12 -> 106.4 | K12: =VLOOKUP(C12,[1]sheet1中岗村户籍!$C:$I,7,0) -> #N/A
E13: 田 | F13: 0.52 | G13: 480 | H13: =G13*F13 -> 249.6
A14: =MAX($A$2:A12)+1 -> 7 | B14: 郑学文 | C14: =VLOOKUP(B14,'[1]11组'!$A:$B,2,0) -> #N/A | D14: 9 | E14: 田 | F14: 0.45 | G14: 480 | H14: =G14*F14 -> 216 | I14: =H14+#REF! -> #REF! | K14: =VLOOKUP(C14,[1]sheet1中岗村户籍!$C:$I,7,0) -> #N/A
E15: 土 | F15: 0.3 | G15: 380 | H15: =G15*F15 -> 114
B16: 刘桂英 | D16: 9 | E16: 土 | F16: 0.74 | G16: 380 | H16: =G16*F16 -> 281.2 | K16: =VLOOKUP(C16,[1]sheet1中岗村户籍!$C:$I,7,0) -> #N/A
A17: =MAX($A$2:A16)+1 -> 8 | B17: 游建华 | C17: =VLOOKUP(B17,'[1]11组'!$A:$B,2,0) -> #N/A | D17: 10 | E17: 田 | F17: 0.46 | G17: 480 | H17: =G17*F17 -> 220.8 | I17: =H17+#REF! -> #REF! | K17: =VLOOKUP(C17,[1]sheet1中岗村户籍!$C:$I,7,0) -> #N/A
A18: =MAX($A$2:A17)+1 -> 9 | B18: 游建军 | C18: =VLOOKUP(B18,'[1]11组'!$A:$B,2,0) -> #N/A | D18: 10 | E18: 田 | F18: 0.38 | G18: 380 | H18: =G18*F18 -> 144.4 | I18: =H18+#REF! -> #REF! | K18: =VLOOKUP(C18,[1]sheet1中岗村户籍!$C:$I,7,0) -> #N/A
A19: =MAX($A$2:A18)+1 -> 10 | C19: =VLOOKUP(B19,'[1]11组'!$A:$B,2,0) -> #N/A | D19: 10 | E19: 田 | F19: 0.14 | G19: 480 | H19: =G19*F19 -> 67.2 | I19: =H19+#REF! -> #REF! | K19: =VLOOKUP(C19,[1]sheet1中岗村户籍!$C:$I,7,0) -> #N/A
A20: =MAX($A$2:A19)+1 -> 11 | C20: =VLOOKUP(B20,'[1]11组'!$A:$B,2,0) -> #N/A | D20: 10 | E20: 田 | F20: 1.29 | G20: 480 | H20: =G20*F20 -> 619.2 | I20: =H20+#REF! -> #REF! | K20: =VLOOKUP(C20,[1]sheet1中岗村户籍!$C:$I,7,0) -> #N/A
A21: =MAX($A$2:A20)+1 -> 12 | C21: =VLOOKUP(B21,'[1]11组'!$A:$B,2,0) -> #N/A | D21: 10 | E21: 田 | F21: 1.03 | G21: 480 | H21: =G21*F21 -> 494.4 | I21: =H21+H22 -> 787 | K21: =VLOOKUP(C21,[1]sheet1中岗村户籍!$C:$I,7,0) -> #N/A
E22: 土 | F22: 0.77 | G22: 380 | H22: =G22*F22 -> 292.6 | K22: =VLOOKUP(C22,[1]sheet1中岗村户籍!$C:$I,7,0) -> #N/A
A23: =MAX($A$2:A22)+1 -> 13 | C23: =VLOOKUP(B23,'[1]11组'!$A:$B,2,0) -> #N/A | D23: 10 | E23: 田 | F23: 5.88 | G23: 480 | H23: =G23*F23 -> 2822.4 | I23: =H23+H24 -> 4118.2 | K23: =VLOOKUP(C23,[1]sheet1中岗村户籍!$C:$I,7,0) -> #N/A
E24: 土 | F24: 3.41 | G24: 380 | H24: =G24*F24 -> 1295.8 | K24: =VLOOKUP(C24,[1]sheet1中岗村户籍!$C:$I,7,0) -> #N/A
A25: =MAX($A$2:A24)+1 -> 14 | C25: =VLOOKUP(B25,'[1]11组'!$A:$B,2,0) -> #N/A | D25: 10 | E25: 田 | F25: 0.78 | G25: 480 | H25: =G25*F25 -> 374.4 | I25: =H25+#REF! -> #REF! | K25: =VLOOKUP(C25,[1]sheet1中岗村户籍!$C:$I,7,0) -> #N/A
A26: =MAX($A$2:A25)+1 -> 15 | C26: =VLOOKUP(B26,'[1]11组'!$A:$B,2,0) -> #N/A | D26: 10 | E26: 田 | F26: 0.18 | G26: 480 | H26: =G26*F26 -> 86.4 | I26: =H26+H27 -> 90.2 | K26: =VLOOKUP(C26,[1]sheet1中岗村户籍!$C:$I,7,0) -> #N/A
E27: 土 | F27: 0.01 | G27: 380 | H27: =G27*F27 -> 3.8 | K27: =VLOOKUP(C27,[1]sheet1中岗村户籍!$C:$I,7,0) -> #N/A
A28: =MAX($A$2:A27)+1 -> 16 | B28: 王杰 | D28: 10 | E28: 田 | F28: 1.01 | G28: 480 | H28: =G28*F28 -> 484.8 | I28: =H28+#REF! -> #REF! | K28: =VLOOKUP(C28,[1]sheet1中岗村户籍!$C:$I,7,0) -> #N/A
A29: =MAX($A$2:A28)+1 -> 17 | B29: 王云中 | C29: =VLOOKUP(B29,'[1]11组'!$A:$B,2,0) -> #N/A | D29: 10 | E29: 田 | F29: 3.68 | G29: 480 | H29: =G29*F29 -> 1766.4 | I29: =H29+H30 -> 1979.2 | K29: =VLOOKUP(C29,[1]sheet1中岗村户籍!$C:$I,7,0) -> #N/A
E30: 土 | F30: 0.56 | G30: 380 | H30: =G30*F30 -> 212.8 | K30: =VLOOKUP(C30,[1]sheet1中岗村户籍!$C:$I,7,0) -> #N/A
A31: =MAX($A$2:A30)+1 -> 18 | B31: 林伟 | C31: =VLOOKUP(B31,'[1]11组'!$A:$B,2,0) -> #N/A | D31: 10 | E31: 土 | F31: 2.47 | G31: 380 | H31: =G31*F31 -> 938.6 | I31: 938.6 | K31: =VLOOKUP(C31,[1]sheet1中岗村户籍!$C:$I,7,0) -> #N/A
A32: =MAX($A$2:A31)+1 -> 19 | B32: 王耀 | C32: =VLOOKUP(B32,'[1]11组'!$A:$B,2,0) -> #N/A | D32: 10 | E32: 田 | F32: 1.57 | G32: 480 | H32: =G32*F32 -> 753.6 | I32: =H32+H33 -> 772.6 | K32: =VLOOKUP(C32,[1]sheet1中岗村户籍!$C:$I,7,0) -> #N/A
E33: 土 | F33: 0.05 | G33: 380 | H33: =G33*F33 -> 19 | K33: =VLOOKUP(C33,[1]sheet1中岗村户籍!$C:$I,7,0) -> #N/A
A34: =MAX($A$2:A33)+1 -> 20 | B34: 王九明 | C34: =VLOOKUP(B34,'[1]11组'!$A:$B,2,0) -> #N/A | D34: 10 | E34: 田 | F34: 1.24 | G34: 480 | H34: =G34*F34 -> 595.2 | I34: =H34+H35 -> 1047.4 | K34: =VLOOKUP(C34,[1]sheet1中岗村户籍!$C:$I,7,0) -> #N/A
E35: 土 | F35: 1.19 | G35: 380 | H35: =G35*F35 -> 452.2 | K35: =VLOOKUP(C35,[1]sheet1中岗村户籍!$C:$I,7,0) -> #N/A
A36: =MAX($A$2:A35)+1 -> 21 | B36: 王仲良 | C36: =VLOOKUP(B36,'[1]11组'!$A:$B,2,0) -> #N/A | D36: 10 | E36: 田 | F36: 2.65 | G36: 480 | H36: =G36*F36 -> 1272 | I36: 1272 | K36: =VLOOKUP(C36,[1]sheet1中岗村户籍!$C:$I,7,0) -> #N/A
A37: =MAX($A$2:A36)+1 -> 22 | B37: 林柱军 | C37: =VLOOKUP(B37,'[1]11组'!$A:$B,2,0) -> #N/A | D37: 10 | E37: 田 | F37: 0.3 | G37: 480 | H37: =G37*F37 -> 144 | I37: 1276.4 | K37: =VLOOKUP(C37,[1]sheet1中岗村户籍!$C:$I,7,0) -> #N/A
E38: 土 | F38: 2.98 | G38: 380 | H38: =G38*F38 -> 1132.4
A39: =MAX($A$2:A37)+1 -> 23 | B39: 林德平 | C39: =VLOOKUP(B39,'[1]11组'!$A:$B,2,0) -> #N/A | D39: 10 | E39: 土 | F39: 0.85 | G39: 380 | H39: =G39*F39 -> 323 | K39: =VLOOKUP(C39,[1]sheet1中岗村户籍!$C:$I,7,0) -> #N/A
A40: =MAX($A$2:A39)+1 -> 24 | B40: 马丙军 | C40: =VLOOKUP(B40,'[1]11组'!$A:$B,2,0) -> #N/A | D40: 10 | E40: 土 | F40: 0.16 | G40: 380 | H40: =G40*F40 -> 60.8 | I40: 585.2 | K40: =VLOOKUP(C40,[1]sheet1中岗村户籍!$C:$I,7,0) -> #N/A
A41: =MAX($A$2:A40)+1 -> 25 | B41: 马炳良 | D41: 12 | E41: 土 | F41: 1.62 | G41: 380 | H41: =G41*F41 -> 615.6 | K41: =VLOOKUP(C41,[1]sheet1中岗村户籍!$C:$I,7,0) -> #N/A
A42: =MAX($A$2:A41)+1 -> 26 | B42: 王久钦 | D42: 12 | E42: 土 | F42: 1.32 | G42: 380 | H42: =G42*F42 -> 501.6 | I42: =H42+#REF! -> #REF! | K42: =VLOOKUP(C42,[1]sheet1中岗村户籍!$C:$I,7,0) -> #N/A
A43: =MAX($A$2:A42)+1 -> 27 | B43: 马长生 | E43: 土 | F43: 0.85 | G43: 380 | H43: =G43*F43 -> 323 | K43: =VLOOKUP(C43,[1]sheet1中岗村户籍!$C:$I,7,0) -> #N/A
A44: =MAX($A$2:A43)+1 -> 28 | B44: 王久方 | D44: 12 | E44: 土 | F44: 1.83 | G44: 380 | H44: =G44*F44 -> 695.4 | I44: 336 | K44: =VLOOKUP(C44,[1]sheet1中岗村户籍!$C:$I,7,0) -> #N/A
A45: =MAX($A$2:A44)+1 -> 29 | B45: 申书华 | D45: 12 | E45: 土 | F45: 0.38 | G45: 380 | H45: =G45*F45 -> 144.4 | I45: 561.6 | K45: =VLOOKUP(C45,[1]sheet1中岗村户籍!$C:$I,7,0) -> #N/A
A46: =MAX($A$2:A45)+1 -> 30 | B46: 王久波 | D46: 12 | E46: 土 | F46: 2.21 | G46: 380 | H46: =G46*F46 -> 839.8 | I46: 1109 | K46: =VLOOKUP(C46,[1]sheet1中岗村户籍!$C:$I,7,0) -> #N/A
A47: =MAX($A$2:A46)+1 -> 31 | B47: 马炳全 | D47: 12 | E47: 土 | F47: 0.76 | G47: 380 | H47: =G47*F47 -> 288.8 | I47: =H47+#REF! -> #REF! | K47: 19960705208
A48: =MAX($A$2:A47)+1 -> 32 | B48: 舒菊花 | E48: 土 | F48: 2.19 | G48: 380 | H48: =G48*F48 -> 832.2 | K48: =VLOOKUP(C48,[1]sheet1中岗村户籍!$C:$I,7,0) -> #N/A
A49: =MAX($A$2:A48)+1 -> 33 | B49: 王久书 | D49: 12 | E49: 土 | F49: 0.58 | G49: 380 | H49: =G49*F49 -> 220.4 | I49: =H49+#REF! -> #REF! | K49: =VLOOKUP(C49,[1]sheet1中岗村户籍!$C:$I,7,0) -> #N/A
A50: =MAX($A$2:A49)+1 -> 34 | B50: 王少先 | E50: 土 | F50: 1.71 | G50: 380 | H50: =G50*F50 -> 649.8 | K50: =VLOOKUP(C50,[1]sheet1中岗村户籍!$C:$I,7,0) -> #N/A
A51: =MAX($A$2:A50)+1 -> 35 | B51: 王久高 | E51: 土 | F51: 1.99 | G51: 380 | H51: =G51*F51 -> 756.2 | K51: =VLOOKUP(C51,[1]sheet1中岗村户籍!$C:$I,7,0) -> #N/A
A52: =MAX($A$2:A51)+1 -> 36 | B52: 王本舟 | D52: 12 | E52: 田 | F52: 2.29 | G52: 480 | H52: =G52*F52 -> 1099.2 | I52: =H52+H53 -> 1509.6 | K52: =VLOOKUP(C52,[1]sheet1中岗村户籍!$C:$I,7,0) -> #N/A
E53: 土 | F53: 1.08 | G53: 380 | H53: =G53*F53 -> 410.4 | K53: =VLOOKUP(C53,[1]sheet1中岗村户籍!$C:$I,7,0) -> #N/A
A54: =MAX($A$2:A53)+1 -> 37 | B54: 王守才 | D54: 12 | E54: 田 | F54: 2.33 | G54: 480 | H54: =G54*F54 -> 1118.4 | I54: =H54+#REF! -> #REF! | K54: =VLOOKUP(C54,[1]sheet1中岗村户籍!$C:$I,7,0) -> #N/A
A55: =MAX($A$2:A54)+1 -> 38 | B55: 王守权 | D55: 12 | E55: 田 | F55: 3.05 | G55: 480 | H55: =G55*F55 -> 1464 | I55: =H55+H56 -> 2197.4 | K55: =VLOOKUP(C55,[1]sheet1中岗村户籍!$C:$I,7,0) -> #N/A
E56: 土 | F56: 1.93 | G56: 380 | H56: =G56*F56 -> 733.4 | K56: =VLOOKUP(C56,[1]sheet1中岗村户籍!$C:$I,7,0) -> #N/A
A57: =MAX($A$2:A56)+1 -> 39 | B57: 林柱根 | D57: 12 | E57: 田 | F57: 1.2 | G57: 480 | H57: =G57*F57 -> 576 | I57: =H57+H58 -> 1301.8 | K57: =VLOOKUP(C57,[1]sheet1中岗村户籍!$C:$I,7,0) -> #N/A
E58: 土 | F58: 1.91 | G58: 380 | H58: =G58*F58 -> 725.8 | K58: =VLOOKUP(C58,[1]sheet1中岗村户籍!$C:$I,7,0) -> #N/A
A59: =MAX($A$2:A58)+1 -> 40 | B59: 王学明1965年 | D59: 12 | E59: 田 | F59: 0.38 | G59: 480 | H59: =G59*F59 -> 182.4 | I59: 1707.2 | K59: =VLOOKUP(C59,[1]sheet1中岗村户籍!$C:$I,7,0) -> #N/A
E60: 土 | F60: 1.78 | G60: 380 | H60: =G60*F60 -> 676.4 | K60: =VLOOKUP(C60,[1]sheet1中岗村户籍!$C:$I,7,0) -> #N/A
A61: =MAX($A$2:A60)+1 -> 41 | D61: 12 | E61: 田 | G61: 480 | H61: =G61*F61 -> 0 | I61: 1188.2 | K61: =VLOOKUP(C61,[1]sheet1中岗村户籍!$C:$I,7,0) -> #N/A
E62: 土 | G62: 380 | H62: =G62*F62 -> 0 | K62: =VLOOKUP(C62,[1]sheet1中岗村户籍!$C:$I,7,0) -> #N/A
A63: =MAX($A$2:A62)+1 -> 42 | D63: 12 | E63: 田 | G63: 480 | H63: =G63*F63 -> 0 | I63: 1188.2 | K63: =VLOOKUP(C63,[1]sheet1中岗村户籍!$C:$I,7,0) -> #N/A
E64: 土 | G64: 380 | H64: =G64*F64 -> 0 | K64: =VLOOKUP(C64,[1]sheet1中岗村户籍!$C:$I,7,0) -> #N/A
A65: 45 | D65: 12 | E65: 田 | G65: 480 | H65: =G65*F65 -> 0 | I65: 224 | K65: =VLOOKUP(C65,[1]sheet1中岗村户籍!$C:$I,7,0) -> #N/A
E66: 土 | G66: 380 | H66: =G66*F66 -> 0 | K66: =VLOOKUP(C66,[1]sheet1中岗村户籍!$C:$I,7,0) -> #N/A
A67: 46 | D67: 12 | E67: 田 | G67: 480 | H67: =G67*F67 -> 0 | I67: 736 | K67: =VLOOKUP(C67,[1]sheet1中岗村户籍!$C:$I,7,0) -> #N/A
E68: 土 | G68: 380 | H68: =G68*F68 -> 0 | K68: =VLOOKUP(C68,[1]sheet1中岗村户籍!$C:$I,7,0) -> #N/A
A69: 47 | D69: 12 | E69: 田 | G69: 480 | H69: =G69*F69 -> 0 | I69: 736 | K69: =VLOOKUP(C69,[1]sheet1中岗村户籍!$C:$I,7,0) -> #N/A
E70: 土 | G70: 380 | H70: =G70*F70 -> 0 | K70: =VLOOKUP(C70,[1]sheet1中岗村户籍!$C:$I,7,0) -> #N/A
A71: 48 | D71: 12 | E71: 田 | G71: 480 | H71: =G71*F71 -> 0 | I71: 870.8 | K71: =VLOOKUP(C71,[1]sheet1中岗村户籍!$C:$I,7,0) -> #N/A
E72: 土 | G72: 380 | H72: =G72*F72 -> 0 | K72: =VLOOKUP(C72,[1]sheet1中岗村户籍!$C:$I,7,0) -> #N/A
A73: 49 | K73: =VLOOKUP(C73,[1]sheet1中岗村户籍!$C:$I,7,0) -> #N/A
A74: 50 | K74: =VLOOKUP(C74,[1]sheet1中岗村户籍!$C:$I,7,0) -> #N/A
